{
    "OrgId": "ORG000000000034",
    "metrics": [{
            "name": "TEST1",
            "valueTrend": [{
                    "date": "2010-08-05",
                    "val": "122.456"
                },
                {
                    "date": "2010-08-06",
                    "val": "215.1"
                }
            ]
        },
        {
            "name": "TEST2",
            "valueTrend": [{
                    "date": "2012-09-11",
                    "val": "122.456"
                },
                {
                    "date": "2012-09-12",
                    "val": "215.1"
                }
            ]
        }
    ]
}